Date,Disposition,Gender,Initiated By,Location,Race,Reason for Stop,Search
2019-01-04T21:14:00Z,released,Male,UCPD,5225 Harper,African American,Matched description of a previous robbery offender.,No
2019-01-10T15:18:00Z,released,Male,UCPD,5630 S Cottage Grove,African American,"Subject observed continuously walking up to several female citizens, asking questions, making citizens feel nervous",No
2019-01-10T15:18:00Z,released,Female,UCPD,5630 S Cottage Grove,African American,"Subject observed continuously walking up to several female citizens, asking questions, making citizens feel nervous",No
2019-01-11T10:33:00Z,released,Male,UCPD,5300 S Ellis,African American,"Subject observed walking around area, thru alleys, up and down blocks, w/o true destination, matched description of subject involved in robbery, in same area",No
2019-01-12T07:45:00Z,released,Male,UCPD,5600 S Hyde Park,African American,Subject fit the physical description and was in the area of a burglary that just occurred (call for service over Zone 5 radio) on 55th Street.,No
2019-01-12T15:11:00Z,released,Male,UCPD,4600 S Drexel,African American,Subject fit the physical description of an offender involved in an aggravated battery. Subject was observed fleeing from area prior to being stopped,No
2019-01-20T23:40:00Z,released,Male,UCPD,5700 Harper,African American,Observed subject rummaging through a vehicle,No
2019-01-22T11:56:00Z,released,Male,citizen,1221 E 51st,African American,Subject matched the physical/clothing description and was in proximity of a retail theft that just occurred. Show up conducted with negative results,No
2019-01-22T11:56:00Z,released,Male,citizen,1221 E 51st,African American,Subject matched the physical/clothing description and was in proximity of a retail theft that just occurred. Show up conducted with negative results,No
2019-01-26T12:41:00Z,arrested,Male,citizen,5840 S. Stony Island,African American,Subject matched the physical description of an offender in an armed robbery at 5700 S. Stony. Show up was conducted and subject positively identified by victim as the subject who robbed him.,Yes
2019-01-27T19:24:00Z,released,Male,UCPD,5215 S. Ingleside,African American,Passenger in vehicle observed repeatedly circling within the robbery mission area in a manner consistent with possibly canvassing for potential victims,No
2019-01-27T19:24:00Z,released,Male,UCPD,5215 S. Ingleside,African American,Passenger in vehicle observed repeatedly circling within the robbery mission area in a manner consistent with possibly canvassing for potential victims,No
2019-02-05T19:22:00Z,released,Male,citizen,5500 S WOODLAWN,African American,Subject matched physical and clothing description of a reported retail theft offender,No
2019-02-10T08:41:00Z,released,Male,citizen,5600 S Lake Park,African American,Subject fit the physical description and was in close proximity to a report of a male subject attempting to steal a bike,No
2019-02-14T08:57:00Z,released,Male,citizen,5505 S Ellis,African American,Responded to a call of subject sleeping in vestibule preventing elevator from being used,No
2019-02-16T23:09:00Z,released,Male,UCPD,5100 Cottage,African American,CPD broadcast over Zone 5 radio of two suspicious person jumping over a fence. Unit observed two subjects in question and detained for CPD.,No
2019-02-18T15:57:00Z,released,Male,citizen,1105 E 55th Street,African American,Subject fit the physical description of an offender described by caller and was in close proximity of where the attempt theft occurred,No
2019-02-18T15:57:00Z,released,Male,citizen,1105 E 55th Street,African American,Subject fit the physical description of an offender described by caller and was in close proximity of where the attempt theft occurred,No
2019-03-01T11:40:00Z,referred,Male,UCPD,1325 E 52nd,African American,"Subjects observed leaving area of shots fired, matched description",Yes
2019-03-02T10:23:00Z,released,Male,UCPD,1600 E 53rd St,African American,Subject observed smoking cannabis in plain view,Yes
2019-03-02T14:49:00Z,released,Male,UCPD,6120 S University,African American,Subject observed tampering with packages in front of residence,Yes
2019-03-08T16:40:00Z,released,Male,UCPD,5100 S Ellis,African American,UCPD Sgt. Observed subjects throwing items at passing bus. No complaints to be signed.,No
2019-03-08T16:40:00Z,released,Male,UCPD,5100 S Ellis,African American,UCPD Sgt. Observed subjects throwing items at passing bus. No complaints to be signed.,No
2019-03-08T16:40:00Z,released,Male,UCPD,5100 S Ellis,African American,UCPD Sgt. Observed subjects throwing items at passing bus. No complaints to be signed.,No
2019-03-08T16:40:00Z,released,Male,UCPD,5100 S Ellis,African American,UCPD Sgt. Observed subjects throwing items at passing bus. No complaints to be signed.,No
2019-03-08T16:40:00Z,released,Male,UCPD,5100 S Ellis,African American,UCPD Sgt. Observed subjects throwing items at passing bus. No complaints to be signed.,No
2019-03-12T19:46:00Z,released,Male,citizen,5505 Ellis (Parking structure),African American,Juvenile looking into vehicles where thefts have been occurring,No
2019-03-18T16:22:00Z,released,Female,citizen,6400 S University,African American,Subject was selling food to Charter School students on city property without proper license,No
2019-03-18T16:33:00Z,released,Male,UCPD,5100 S Ellis,African American,Subject fit the physical description of suspect involved in theft from persons and was in the proximity of where recent thefts/burglaries have ocurred. Subject was walking with no clear direction and was avoiding police contact.,No
2019-03-23T16:12:00Z,released,Male,UCPD,5700 S Woodlawn,African American,Subject fit description of a theft offender from the bookstorea nd was carrying a blue bag consistent with the one described by the victim taken in the theft.,Yes
2019-04-02T16:32:00Z,referred,Male,citizen,1028 E 51st Street,African American,Subject stopped after exiting a vehicle with a shattered window that matched the description involved in a shots fired call by CPD. Subject explained his vehicle was shot at. CPD responded and provided a CDTP report to the subject reference damage sustained to his vehicle.,No
2019-04-03T22:47:00Z,released,Male,UCPD,5600 University,African American,Teens pulling on door car handles,Yes
2019-04-03T22:47:00Z,released,Male,UCPD,5600 University,African American,Teens pulling on door car handles,Yes
2019-04-03T23:47:00Z,Name Checked/Other,Male,UCPD,5540 Woodlawn,African American,Officer while on a robbery mission observed a vehicle pull to the side of the road where several citizens were standing. Officer pulled over to observe when the driver began to reverse. Investigatory stop conducted.  During stop officer smelled cannabis. Consensual search conducted of driver and vehicle with negative results.,Yes
2019-04-04T05:04:00Z,released,Male,UCPD,6000 Kenwood,African American,Officer observed subject walking back and forth by a construction site where thefts have occurred.,No
2019-04-08T12:30:00Z,released,Male,UCPD,5312 S Maryland,African American,"Matched description of recent burglary offender, in area",No
2019-04-16T14:47:00Z,released,Male,citizen,5500 S Dorchester,African American,Assisted CPD with the contact of this subject reference an aggravated assault to a private tow truck driver,No
2019-04-16T14:47:00Z,released,Male,citizen,5500 S Dorchester,African American,Assisted CPD with the contact of this subject reference an aggravated assault to a private tow truck driver,No
2019-04-16T14:47:00Z,released,Male,citizen,5500 S Dorchester,African American,Assisted CPD with the contact of this subject reference an aggravated assault to a private tow truck driver,No
2019-04-16T15:13:00Z,arrested,Male,citizen,1418 E 53rd,African American,Assisted CPD with the contact of this subject reference an aggravated assault to a private tow truck driver,No
2019-04-16T15:13:00Z,arrested,Male,citizen,1418 E 53rd,African American,Assisted CPD with the contact of this subject reference an aggravated assault to a private tow truck driver,No
2019-04-16T15:13:00Z,arrested,Male,citizen,1418 E 53rd,African American,Assisted CPD with the contact of this subject reference an aggravated assault to a private tow truck driver,No
2019-04-17T13:37:00Z,released,Male,citizen,5107 S Blackstone,African American,Subject matched description of possible trespass offender,No
2019-04-18T20:42:00Z,released,Male,UCPD,5328 S Ellis Ave,African American,Subject fit the description of recent robbery offenders. Further investigation revealed no suspicious activity.,No
2019-04-19T10:59:00Z,arrested,Male,UCPD,5100 S Greenwood,African American,FBI agents contacted CPD in regards to subject trespassing on property. Upon arrival CPD took subject into custody for CTTL,No
2019-04-19T10:59:00Z,arrested,Male,UCPD,5100 S Greenwood,African American,FBI agents contacted CPD in regards to subject trespassing on property. Upon arrival CPD took subject into custody for CTTL,No
2019-04-20T09:11:00Z,released,Male,citizen,5700 S Stony Island,African American,"Call into ECC in regards to M/B subject who has been observed in the area, possibly involved in thefts and a purse snatch",No
2019-04-20T11:50:00Z,released,Male,citizen,1323 E 61st Street,African American,"Citizen advised that a suspicious vehicle had been sitting in front of her house for 15 mins, causing concern for the home owner. Upon pulling up, the vehicle attempted to pull off",No
2019-04-23T23:43:00Z,released,Male,citizen,5600 Ellis,African American,"Call from citizen over Zone 5 radio Man W/ gun. Units observed vehicle matching description. Stop conducted/consensual search of driver, passenger and vehicle.",Yes
2019-04-23T23:43:00Z,released,Male,citizen,5600 Ellis,African American,"Call from citizen over Zone 5 radio Man W/ gun. Units observed vehicle matching description. Stop conducted/consensual search of driver, passenger and vehicle.",Yes
2019-04-24T00:30:00Z,released,Male,UCPD,5700 Dorchester,Caucasian,Open alcohol in public (alcohol disposed of),No
2019-04-24T13:57:00Z,released,Male,citizen,950 E 61st Street,African American,Subject was identified by a witness on scene as a suspect who may have taken a package from an apartment vestibule. Subject was not in possession of stolen property.,No
2019-04-25T04:34:00Z,released,Male,citizen,5451 S Hyde Park Blvd,Hispanic,Subject matched physical and clothing description provided via CPD Zone 5 radio where caller reported observing a suspicious ind. pulling car door handles.,Yes
2019-04-26T19:38:00Z,released,Male,UCPD,1169 E 56th St,African American,Fit the description of an individual who attempted to gain entry into a church,No
2019-04-26T21:49:00Z,released,Male,citizen,5000 S Drexel Ave,African American,Call from citizen who observed a male push a female into his car and drive away. Units observed vehicle matching description. Stop conducted with further revealing no crime occurred.,No
2019-04-29T15:00:00Z,released,Male,UCPD,1307 E 60th Street,African American,"Juv subject identified by witness who he observed inside of a vehicle, which was found later to be ransack. Property found on subject identified by vehicle owner, who signed refusal",Yes
2019-04-29T15:00:00Z,released,Male,UCPD,1307 E 60th Street,African American,"Juv subject identified by witness who he observed inside of a vehicle, which was found later to be ransack. Property found on subject identified by vehicle owner, who signed refusal",Yes
2019-05-01T18:15:00Z,released,Male,citizen,5400 Woodlawn,African American,Citizen complained that a subject was asking for money,No
2019-05-07T16:21:00Z,released,Male,UCPD,1100 E 57th Street,African American,Subject observed checking the area of the Bike Racks (3-4 times) in bicycle theft hot spot area,No
NA,Name Checked/Other,Male,UCPD,5300 S Harper,African American,"While on robbery mission, unit observed suspicious auto with TX dealer plate, parked on corner",No
2019-05-13T23:19:00Z,released,Male,citizen,6031 S. Ellis,African American,Unaffiliated juvenile was observed suspiciously loitering near bike rack.,No
2019-05-13T23:19:00Z,released,Male,citizen,6031 S. Ellis,African American,Unaffiliated juvenile was observed suspiciously loitering near bike rack.,No
2019-05-21T15:33:00Z,released,Male,UCPD,4900 S. Greenwood,African American,Subject was canvassing the area near a motorcycle (mc) and removed the mc cover from the parked vehicle,No
2019-05-21T15:33:00Z,released,Male,UCPD,4900 S. Greenwood,African American,Subject was canvassing the area near a motorcycle (mc) and removed the mc cover from the parked vehicle,No
2019-05-21T21:35:00Z,released,Male,UCPD,5100 S. Ingleside,African American,Unit detained subject that matched a description wanted by CPD. Investigation revealed negative results.,No
2019-05-21T23:20:00Z,released,Male,UCPD,5505 S. Ellis,African American,Observed inside the Ellis Garage w/out cause & smoking marijuana,Yes
2019-05-21T23:20:00Z,released,Male,UCPD,5505 S. Ellis,African American,Observed inside the Ellis Garage w/out cause & smoking marijuana,Yes
2019-05-21T23:20:00Z,released,Male,UCPD,5505 S. Ellis,African American,Observed inside the Ellis Garage w/out cause & smoking marijuana,Yes
2019-05-31T00:05:00Z,released,Male,UCPD,1525 E 60th,African American,Subject was in the immediate area of where a robbery had just occurred,Yes
2019-05-31T03:20:00Z,released,Male,UCPD,1500 E Midway Plaisance,African American,Subject was in the immediate area of where a robbery had previously occurred,No
2019-05-31T03:20:00Z,released,Male,UCPD,1500 E Midway Plaisance,African American,Subject was in the immediate area of where a robbery had previously occurred,No
2019-05-31T03:20:00Z,released,Male,UCPD,1500 E Midway Plaisance,African American,Subject was in the immediate area of where a robbery had previously occurred,No
2019-05-31T03:20:00Z,released,Male,UCPD,1500 E Midway Plaisance,African American,Subject was in the immediate area of where a robbery had previously occurred,No
2019-06-04T21:13:00Z,released,Male,citizen,5700 Kimbark,African American,Citizen called and stated an unknown male black was walking back and forth in the alley.,No
NA,Name Checked/Other,NA,citizen,Location,other,Reason for Stop,NA
2019-06-15T16:20:00Z,released,Male,UCPD,5500 S. University,African American,"Subject stopped in front of squad car and
attempted to open door. Subject suffers
from mental illness (hospitalization not
required at this time).",No
NA,Name Checked/Other,NA,citizen,Location,other,Reason for Stop,NA
2019-06-18T17:05:00Z,Name Checked/Other,Male,citizen,929 E 57th St,African American,"Subject observed inside keycard access building, taking food items, no victims located at this time.",Yes
2019-06-21T13:16:00Z,arrested,Male,citizen,1101 E 56th St,African American,Matched description of theft offender,Yes
2019-06-21T13:24:00Z,arrested,Male,citizen,5740 E 57th St,African American,Matched description of theft offender,Yes
2019-06-21T13:25:00Z,released,Male,citizen,5700 Drexel,African American,Matched description of theft offender,Yes
2019-06-26T21:09:00Z,released,Male,UCPD,5530 S. Ellis,African American,Officer observed vehicle parked in a tow zone without lights on vehicle in an area where two robberies have occurred.,No
2019-06-30T14:03:00Z,released,Male,citizen,5721 S Maryland Ave.,African American,"During a Domestic Disturbance call, female caller advised that the subject took her cellular phone. Subject consented to a search for the phone, with negative results",Yes
2019-07-06T03:48:00Z,released,Male,UCPD,1700 E 55th,Caucasian,Driver traveling at slow rate of speed attempting to evade officer. Stop conducted and driver found to not have a valid license.,No
2019-07-10T04:09:00Z,released,Male,citizen,1120 E. 58th Street,African American,AU reported group of teen subjects were walking in the campus area & asking questions regarding their on/off duty times.,No
2019-07-10T04:09:00Z,released,Male,citizen,1120 E. 58th Street,African American,AU reported group of teen subjects were walking in the campus area & asking questions regarding their on/off duty times.,No
2019-07-10T04:09:00Z,released,Male,citizen,1120 E. 58th Street,African American,AU reported group of teen subjects were walking in the campus area & asking questions regarding their on/off duty times.,No
2019-07-10T04:09:00Z,released,Male,citizen,1120 E. 58th Street,African American,AU reported group of teen subjects were walking in the campus area & asking questions regarding their on/off duty times.,No
2019-07-18T13:05:00Z,arrested,Male,UCPD,5130 S Lake Park Ave,African American,Known bike theft offender observed riding one bike and carrying another. Subject admitted bike did not belong to him.,Yes
2019-07-31T12:03:00Z,arrested,Male,UCPD,5812 S Ellis,African American,Subject was stopped after attempting to steal a bike and was identified as an offender wanted on signed complaints for a bike theft that occurred on 11 July 2019,Yes
2019-08-04T02:28:00Z,released,Male,UCPD,5525 ELLIS,African American,Subject match description of battery offender,No
2019-08-04T20:34:00Z,released,Male,citizen,1220 E 57th,African American,Causing disturbance/possession of possible stolen bike parts.,No
2019-08-05T16:43:00Z,released,Male,citizen,5751 S Woodlawn,African American,Subject was reportedly panhandling and disrupting customers at said location,No
2019-08-07T10:26:00Z,released,Male,UCPD,6200 S Drexel Ave,African American,"Observed subject carrying item in alley-way looking around, checking the area on two separate occasions",No
2019-08-11T21:48:00Z,released,Male,UCPD,5300 S. Kimbark,African American,"On-viewed suspicious subjects riding one bike while holding a second bike, activity known to be associated with bike thefts.",No
2019-08-18T20:04:00Z,released,Male,UCPD,5000 Greenwood,African American,"Occupied suspicious vehicle, when license plate ran thru LEADS came back with a hit for wanted. Further investigation showed the wanted to be a different person.",No
2019-08-19T13:53:00Z,released,Male,UCPD,5700 S. Dorchester,African American,Officer observed the subject briefly approaching people and when he saw the officer quickly he crossed the street to walk away. Subject was wearing a hooded sweatshirt in 80 degree temperature with the hood up and matched the general descriptiaon of recent robbery offender(s).,No
2019-08-19T17:14:00Z,released,Male,UCPD,5700 S. Ellis,African American,Subject matched the description of the subject approaching people from behind,No
2019-08-27T09:41:00Z,Name Checked/Other,Male,citizen,970 E. 58th Street,African American,observed attempting to conceal book inside store,No
2019-09-08T21:28:00Z,released,Male,citizen,1451 E. 55th Street,African American,Loitering,No
2019-09-08T21:28:00Z,released,Male,citizen,1554 E.55th Street,African American,Loitering,No
2019-09-08T21:28:00Z,released,Male,citizen,1554 E. 55th Street,African American,Loitering,No
2019-09-14T07:46:00Z,released,Male,UCPD,5500 S. Kenwood,African American,Observed subject loitering in hot spot area and attempted to conceal himself near a tree,No
2019-09-15T17:12:00Z,arrested,Male,citizen,5200 S. Cottage Grove,African American,Subject matched the description of a burglary offender,Yes
2019-09-15T17:12:00Z,arrested,Male,citizen,5200 S. Cottage Grove,African American,Subject matched the description of a burglary offender,Yes
2019-09-17T00:03:00Z,released,Male,UCPD,5500 S. Ellis,African American,On-view suspicious activity; subject observed dancing in front of a UC Shuttle Bus having right of way while in traffic.,No
2019-09-21T21:34:00Z,released,Male,UCPD,5900 S. Blaclstone,African American,"Male subject observed riding a bike &
wearing a black hoodie with the hood
covering his face and matching descriptions
provided of recent robbery offenders",No
2019-09-24T17:31:00Z,released,Male,citizen,1346 E. 53rd Street,African American,"Flagged down by a citizen who
related that someone had stolen a
phone. Unable to locate a victim",No
2019-09-25T13:59:00Z,released,Male,UCPD,5201 S. Harper,African American,"Subject observed in an attempt hand to
hand transaction in an area of continued
complaints of drug activity and loitering",No
2019-09-28T22:45:00Z,released,Male,UCPD,5700 S. Blackstone,African American,"Found lying in the grass, highly
intoxicated",No
2019-09-28T21:12:00Z,arrested,Male,UCPD,5000 S. Dorchester,African American,Subject matched robbery suspect description. Later identified by victim as offender.,Yes
2019-09-28T21:12:00Z,arrested,Male,UCPD,5000 S. Dorchester,African American,Subject matched robbery suspect description. Later identified by victim as offender.,Yes
2019-10-01T13:35:00Z,released,Male,citizen,6200 S. Greenwood,African American,Subject matched the description given by two (2) complainants of suspicious person pulling on car door handles and looking into vehicles,Yes
2019-10-14T21:04:00Z,released,Male,citizen,6100 S. Dorchester,African American,"Citizen reported (via E-Bell) observing
subjects attempting to damage the window of
a parked vehicle.",No
2019-10-14T21:04:00Z,released,Male,citizen,6100 S. Dorchester,African American,"Citizen reported (via E-Bell) observing
subjects attempting to damage the window of
a parked vehicle.",No
2019-10-14T21:12:00Z,released,Male,citizen,1400 E. 63rd Street,African American,"Citizen reported (via E-Bell) observing
subjects attempting to damage the window of
a parked vehicle.",No
2019-10-14T21:12:00Z,released,Male,citizen,1400 E. 63rd Street,African American,"Citizen reported (via E-Bell) observing
subjects attempting to damage the window of
a parked vehicle.",No
2019-10-18T20:04:00Z,released,Male,UCPD,5000 S. Blackstone,African American,"On-View suspicious activity; subject observed walking in the middle of the street, impeding vehicle traffic flow and appeared to be looking into the windows of parked vehicle",No
2019-10-25T13:34:00Z,arrested,Male,citizen,1425 E. 54th Place,African American,subject matched description of theft offender,Yes
2019-11-05T07:07:00Z,released,Male,citizen,1155 E. 57th Street,African American,"subject observed carrying TV in alleyway, possible stolen item",No
2019-11-10T12:11:00Z,released,Male,UCPD,5300 S. University,African American,Subject was observed looking into several apartment windows.,No
2019-11-25T11:35:00Z,arrested,Male,citizen,5510 S. Woodlawn,African American,"Officers responded to a suspicious subject at said location. During preliminary investigation, a name checked revealed the subject had an active warrant out of Lansing PD.",Yes
NA,Name Checked/Other,NA,citizen,Location,other,Reason for Stop,NA
2019-12-03T10:25:00Z,released,Female,UCPD,5807 S. Woodlawn,African American,Observed several times asking citizens for money throughout campus,No
NA,Name Checked/Other,NA,citizen,Location,other,Reason for Stop,NA
2019-12-04T15:51:00Z,released,Male,citizen,924 E. 57th Street,African American,"call of suspicious person inside of building, casing the area.",No
2019-12-05T19:25:00Z,released,Male,citizen,5700 S. Kimbark,African American,Subject was pulling on door handles,Yes
2019-12-07T21:39:00Z,released,Male,citizen,5100 S. Drexel,African American,Matched the physical and clothing description of criminal damage suspects,No
2019-12-07T21:39:00Z,released,Male,citizen,5100 S. Drexel,African American,Matched the physical and clothing description of criminal damage suspects,No
2019-12-07T21:39:00Z,released,Male,citizen,5100 S. Drexel,African American,Matched the physical and clothing description of criminal damage suspects,No
2019-12-14T01:24:00Z,released,Male,citizen,1228 E. 53rd Street,African American,Unit was flagged down by store manager regarding a retail theft.,No
2019-12-14T17:16:00Z,released,Male,citizen,5400 S. Greenwood,African American,Subject fit the physical and clothing description of a suspicious person possibly attempting to steal packages from outside the residence,No
2019-12-16T23:55:00Z,released,Male,citizen,1311 E. 57th Street,African American,Complaint by bank security in regards to subject refusing to leave.,No
2019-12-16T13:19:00Z,released,Male,UCPD,5100 S. Greenwood,African American,R/O observed subject pulling on car door handles. Subject attempted to flee upon approach,No
2019-12-18T15:27:00Z,released,Male,citizen,1311 E. 57th Street,Caucasian,Subject was reportedly causing a disturbance inside the bank and manager wanted officer to check on his well being,No
2019-12-25T07:53:00Z,released,Male,citizen,1159 E. 54th Street,African American,Call in by citizen who advised that subject was following him,No
2019-12-25T08:07:00Z,released,Male,citizen,5333 S. Greenwood,African American,Call in by citizen who advised that subject was following him,No
2019-12-27T15:26:00Z,released,Male,UCPD,6000 S. Woodlawn,African American,Subject fit the physical description of recent robbery offender and was in the area where recent robberies have occurred,No
2019-12-29T19:56:00Z,Name Checked/Other,Male,UCPD,6054 S. Drexel,African American,"ECC observed, (via surveillance camera), a group of male subjects entering the parking structure and suspected to be w/o authorization.",No
2019-12-29T19:56:00Z,Name Checked/Other,Male,UCPD,6054 S. Drexel,African American,"ECC observed, (via surveillance camera), a group of male subjects entering the parking structure and suspected to be w/o authorization.",No
2019-12-29T19:56:00Z,Name Checked/Other,Male,UCPD,6054 S. Drexel,African American,"ECC observed, (via surveillance camera), a group of male subjects entering the parking structure and suspected to be w/o authorization.",No
2019-12-30T08:52:00Z,released,Male,citizen,5758 S. Maryland,Hispanic,Call in by UCMC PSOof a banned subjectobserved inside the building.,No
2020-01-08T08:11:00Z,released,Female,UCPD,6022 S. Drexel,Hispanic,Observed Panhandling in Drexel Garage,Yes
2020-01-14T10:21:00Z,released,Male,UCPD,5326 S. Greenwwod,African American,"Observed Subject going through a
package",No
2020-01-17T13:56:00Z,released,Male,citizen,5100 S. Greenwood,African American,Citizen call in to report that listed subject walking door to door ringing bell,No
2020-01-27T15:48:00Z,released,Male,UCPD,928 E. Hyde Park Blvd.,African American,Matched description of offender involved in several packages thefts in the area,Yes
2020-01-27T20:41:00Z,Name Checked/Other,Male,UCPD,5751 S. Kenwood,African American,Subject matched the physical and clothing description of suspicious person call,No
2020-02-10T16:01:00Z,Name Checked/Other,Male,citizen,5327 S. Kimbark,African American,Suspicious subject observed in the alley-way with multiple bulges in front of his pants in crime hot spot area,Yes
2020-03-18T20:15:00Z,released,Male,UCPD,5630 S. Lake Park Ave.,African American,Subject matched the physical and clothing description of a criminal trespass subject from the Ihouse,No
2020-03-21T09:45:00Z,arrested,Male,UCPD,1050 E. 59th Street,African American,"Officer observed a known banned
subject inside campus building",Yes
2020-04-07T14:50:00Z,released,Male,citizen,1554 E. 55th Street,African American,Units responded to area on report of retail theft from Walgreens. Subject matched description of subject observed on video taking items without paying.,No
2020-05-03T14:36:00Z,Name Checked/Other,Male,UCPD,5840 S. Maryland,African American,Susipicious Subject roaming through the parking structure.,Yes
2020-05-18T10:00:00Z,released,Male,citizen,900 E. 57th Street,Hispanic,Subject involved in series of demonstrations and disturbances related to COVID-19 and Bill Gates.,Yes
2020-05-18T10:00:00Z,released,Male,citizen,900 E. 57th Street,African American,Subject involved in series of demonstrations and disturbances related to COVID-19 and Bill Gates,Yes
2020-05-25T18:04:00Z,released,Male,citizen,5300 S. Berkeley,African American,Matched the physical and clothing description of a theft offender,Yes
2020-05-25T18:04:00Z,released,Male,citizen,5300 S. Berkeley,African American,Matched the physical and clothing description of a theft offender,Yes
2020-05-25T18:04:00Z,released,Male,citizen,5300 S. Berkeley,African American,Matched the physical and clothing description of a theft offender,Yes
2020-05-31T00:55:00Z,released,Male,citizen,5203 S. Harper,African American,Match the description of an offender which was observed fleeing the area from a criminal damage to property incident,Yes
2020-05-31T17:01:00Z,released,Male,citizen,1521 E. 55th Street,African American,Subject was stopped in area reference looting and had thumbdrives in his possession. Subject stated he found them on ground. Items returned to store,No
2020-05-31T20:30:00Z,released,Female,citizen,5422 S. Lake Park,African American,"Subject was leaving business after reports of looting. No proceeds on person, no complaints to be signed",No
2020-05-31T20:30:00Z,released,Female,citizen,5422 S. Lake Park,African American,"Subject was leaving business after reports of looting. No proceeds on person, no complaints to be signed",No
2015-09-03T18:50:00Z,released,Male,citizen,5700 Ellis,Caucasian,Officers responded to call regarding assault,Yes
2015-09-04T15:51:00Z,released,Male,citizen,5900 S University,African American,Suspicious Person,No
2015-09-05T01:52:00Z,released,Male,citizen,4600 S Lake Park,African American,Subject matched description of person with gun,Yes
2015-09-05T01:52:00Z,released,Male,citizen,4600 S Lake Park,African American,Subject matched description of person with gun,Yes
2015-09-05T02:38:00Z,referred,Male,citizen,5423 S Blackstone,Caucasian,Subject described as person down possibly due to intoxication,No
2015-09-06T15:28:00Z,released,Male,citizen,1323 E 50th,African American,Suspicious Person,No
2015-09-09T09:44:00Z,released,Male,UCPD,5300 S Blackstone,African American,Suspicious Person,No
2015-09-10T16:41:00Z,released,Male,citizen,1550 E. 53rd St.,African American,Disturbance,Yes
2015-09-10T16:41:00Z,released,Male,citizen,1550 E. 53rd St.,African American,Disturbance,No
2015-09-18T12:09:00Z,released,Male,citizen,5700 S Payne Dr.,African American,Subject observed pulling on vehicle door handles and possibly entering vehicles,No
2015-09-18T12:09:00Z,released,Male,citizen,5700 S Payne Dr.,African American,Subject observed pulling on vehicle door handles and possibly entering vehicles,No
2015-09-18T12:09:00Z,released,Male,citizen,5700 S Payne Dr.,African American,Subject observed pulling on vehicle door handles and possibly entering vehicles,No
2015-09-18T23:31:00Z,Name Checked/Other,Male,citizen,901 E 58th,African American,Subject was causing a disturbance in the ER,No
2015-09-20T19:57:00Z,released,Male,UCPD,5125 S Greenwood,African American,Observed by officers pulling at door handles on vehicles,Yes
2015-09-20T19:57:00Z,released,Male,UCPD,5125 S Greenwood,African American,Observed by officers pulling at door handles on vehicles,Yes
2015-09-20T19:57:00Z,released,Male,UCPD,5125 S Greenwood,African American,Observed by officers pulling at door handles on vehicles,Yes
2015-09-20T19:57:00Z,released,Male,UCPD,5125 S Greenwood,African American,Observed by officers pulling at door handles on vehicles,Yes
2015-09-20T21:26:00Z,released,Male,citizen,55th and Hyde Park Blvd,African American,Reported as suspicious person with gun,Yes
2015-09-21T09:41:00Z,released,Female,citizen,1225 E 60th,African American,Subject was observed pulling on vehicle door handles,No
2015-09-22T11:18:00Z,released,Male,citizen,6100 S Ingleside,African American,Suspicious person,No
2015-09-27T09:40:00Z,released,Male,UCPD,5100 S Dorchester,African American,Domestic dispute,No
2015-09-27T11:26:00Z,Name Checked/Other,Male,citizen,5723 S Dorchester,Caucasian,Suspicious person,No
2015-09-28T21:29:00Z,released,Male,UCPD,5700 Cottage Grove,African American,Officer observed subjects in a verbal altercation,No
2015-09-28T21:29:00Z,released,Female,UCPD,5700 Cottage Grove,African American,Officer observed subjects in a verbal altercation,No
2015-09-30T14:15:00Z,released,Male,UCPD,212 E 56th,African American,Subject was observed riding a bike and pulling another bike,No
2015-10-07T19:26:00Z,Name Checked/Other,Male,citizen,1526 E 55th,African American,Disturbance in store,No
2015-10-07T23:23:00Z,released,Male,citizen,1414 E 59th,African American,Suspicious person,No
2015-10-08T21:11:00Z,released,Male,citizen,969 E 60th St,Caucasian,Suspicious person,No
2015-10-14T01:06:00Z,referred,Male,UCPD,4816 S Kenwood,African American,Officer observed subject pulling on car door handles,No
2015-10-19T20:58:00Z,released,Male,UCPD,6100 Cottage Grove,African American,Subject matched the description of a robbery offender,No
2015-10-21T19:08:00Z,released,Female,UCPD,5800 S Maryland,African American,Officer observed subjects in a verbal altercation,No
2015-10-21T19:08:00Z,released,Male,UCPD,5800 S Maryland,African American,Officer observed subjects in a verbal altercation,No
2015-10-24T09:00:00Z,released,Male,citizen,5400 S Ellis,African American,Suspicious Person/Well Being Check,No
2015-10-25T01:42:00Z,referred,Male,citizen,1210 E 59th,African American,Subject struck two vehicles and left the scene,No
2015-10-25T19:31:00Z,released,Male,citizen,1162 E 55th,African American,Suspicious Person,No
2015-10-27T10:57:00Z,released,Male,citizen,6250 S Harper,African American,Suspicious Person,No
2015-10-27T10:58:00Z,released,Male,citizen,6250 S Harper,African American,Suspicious Person,No
2015-10-27T10:58:00Z,released,Male,citizen,6250 S Harper,African American,Suspicious Person,No
2015-10-27T11:01:00Z,released,Male,citizen,6250 S Harper,African American,Suspicious Person,No
2015-10-27T11:02:00Z,released,Male,citizen,6250 S Harper,African American,Suspicious Person,No
2015-10-27T20:58:00Z,released,Male,UCPD,5400 S Kenwood,Caucasian,Suspicious Vehicle,No
0015-10-28T23:27:00Z,released,Male,citizen,5740 Kimbark,African American,Suspicious Vehicle,No
2015-11-01T20:00:00Z,released,Male,UCPD,1300 E Park Place,African American,Suspicious Activity,No
2015-11-01T20:00:00Z,released,Male,UCPD,1300 E Park Place,African American,Suspicious Activity,No
2015-11-01T20:00:00Z,released,Male,UCPD,1300 E Park Place,African American,Suspicious Activity,No
2015-11-01T20:18:00Z,released,Female,citizen,5530 S Ellis,African American,Non-affiliated individual escorted off the UC shuttle bus,No
2015-11-03T23:04:00Z,released,Male,citizen,5600 Ellis,African American,Suspicious Person,No
2015-11-08T22:21:00Z,released,Male,UCPD,6300 Eberhart,African American,Domestic Disturbance,No
2015-11-08T22:21:00Z,released,Female,UCPD,6100 Cottage Grove,African American,Domestic Disturbance,No
2015-11-14T05:30:00Z,released,Male,citizen,5200 S Harper,Hispanic,Officers responded to a call regarding a disturbance,No
2015-11-14T05:30:00Z,released,Male,citizen,5200 S Harper,Hispanic,Officers responded to a call regarding a disturbance,No
2015-11-14T18:38:00Z,released,Male,citizen,53rd & Maryland,African American,Subject in proximity to robbery that just occurred with similarities to description of offenders,No
2015-11-14T18:38:00Z,released,Male,citizen,53rd & Maryland,African American,Subject in proximity to robbery that just occurred with similarities to description of offenders,No
2015-11-18T05:25:00Z,released,Male,citizen,5200 S Harper,African American,Suspicious person,No
2015-11-21T00:40:00Z,released,Male,citizen,1300 E 60th,African American,Suspicious Activity,No
2015-11-21T00:40:00Z,released,Male,citizen,1300 E 60th,African American,Suspicious Activity,No
2015-11-24T16:31:00Z,released,Male,UCPD,4845 S Kenwood,African American,Suspicious Person 0bserved via description Zone 5,No
2015-11-28T10:15:00Z,released,Female,citizen,969 E 60th St,African American,Suspicious person,No
2015-11-29T01:02:00Z,released,Male,citizen,6000 S Cottage Grove,African American,Suspicious vehicle,Yes
2015-11-29T21:15:00Z,released,Male,citizen,5707 S KIMBARK,African American,Suspicious person,No
2015-11-29T22:10:00Z,released,Female,UCPD,6100 S UNIVERSITY,African American,Suspicious person,No
2015-11-30T19:38:00Z,released,Male,citizen,5600 Woodlawn,African American,Suspicious Person,No
2015-11-30T19:38:00Z,released,Male,citizen,5600 Woodlawn,African American,Suspicious Person,No
2015-11-30T19:38:00Z,released,Male,citizen,5600 Woodlawn,African American,Suspicious Person,No
2015-12-05T13:41:00Z,released,Male,citizen,5460 S Woodlawn,African American,Disorderly Conduct,No
2015-12-05T13:41:00Z,released,Male,citizen,5460 S Woodlawn,African American,Disorderly Conduct,No
2015-12-05T13:41:00Z,released,Male,citizen,5460 S Woodlawn,African American,Disorderly Conduct,No
2015-12-05T13:41:00Z,released,Male,citizen,5460 S Woodlawn,African American,Disorderly Conduct,No
2015-12-17T21:11:00Z,released,Male,citizen,5240 S Drexel,African American,Suspicious person,No
2015-12-22T22:17:00Z,released,Male,UCPD,50th and Blackstone,African American,Officer observed bicyclist almost striking vehicle and committing multiple violations,No
2015-12-23T06:36:00Z,released,Female,citizen,5700 S MARYLAND,African American,Deceptive Practice,No
2015-12-23T15:42:00Z,released,Male,UCPD,5400 S MARYLAND,African American,Suspicious person,No
2016-01-02T22:35:00Z,released,Male,citizen,5300 S Woodlawn,Caucasian,Suspicious Person,No
2016-01-13T18:15:00Z,released,Male,UCPD,5500 S. Ellis,African American,Suspicious Person,Yes
2016-02-05T12:36:00Z,Name Checked/Other,Male,citizen,970 E 58th,Caucasian,Suspicious Person,Yes
2016-02-05T16:01:00Z,referred,Female,citizen,6400 S Greenwood,African American,Disturbance,Yes
2016-02-16T00:31:00Z,released,Male,citizen,5200 S Woodlawn,African American,Suspicious Person,No
2016-02-21T17:57:00Z,released,Male,citizen,5700 S. Harper,African American,Suspicious Person,No
2016-03-30T20:48:00Z,released,Male,citizen,6223 S University,African American,Suspicious Person,No
2016-04-02T03:04:00Z,released,Male,citizen,5424 S Kimbark,Caucasian,Suspicious Person,No
2016-04-05T16:37:00Z,released,Male,citizen,5480 S Kenwood,African American,Suspicious person,No
2016-04-13T19:20:00Z,released,Male,citizen,1459 E 53rd,African American,Suspicious Person/Possible Theft,No
2016-04-13T19:20:00Z,released,Male,citizen,5309 Blackstone,African American,Suspicious Person/Possible Theft,Yes
2016-04-14T16:52:00Z,released,Female,UCPD,4907 S Kimbark,African American,Subject was observed exiting a parked vehicle without owner's consent. Complaint refused.,No
2016-05-05T14:27:00Z,released,Male,UCPD,6900 S Stony Island,African American,Subject was in possession of lost property,No
2016-05-08T18:38:00Z,released,Male,citizen,4921 S Dorchester,African American,Disturbance call,No
2016-05-08T18:38:00Z,released,Female,citizen,4921 S Dorchester,African American,Disturbance call,No
2016-05-08T18:38:00Z,released,Male,citizen,4921 S Dorchester,Hispanic,Disturbance call,No
2016-05-14T01:01:00Z,released,Male,UCPD,6300 S Dorchester,African American,Suspicious Person,Yes
2016-05-14T01:01:00Z,released,Male,UCPD,6300 S Dorchester,African American,Suspicious Person,Yes
2016-05-14T01:01:00Z,released,Female,UCPD,6300 S Dorchester,African American,Suspicious Person,Yes
2016-06-01T15:27:00Z,released,Male,UCPD,5300 S Dorchester,African American,Disturbance on public way,No
2016-06-09T00:30:00Z,released,Male,citizen,5440 S Ellis,African American,Suspicious person,No
2016-06-09T14:18:00Z,released,Male,citizen,5700 S Blackstone,African American,Disturbance,No
2016-06-09T14:18:00Z,released,Male,citizen,5700 S Blackstone,African American,Disturbance,No
2016-06-09T18:40:00Z,released,Male,citizen,53-54 Hyde Park Blvd,African American,Suspicious person,No
2016-06-09T18:40:00Z,released,Male,citizen,53-54 Hyde Park Blvd,African American,Suspicious person,No
2016-06-17T19:25:00Z,released,Male,citizen,5400 Lake Park,Caucasian,Officers responded to call regarding indecent exposure,No
2016-06-24T15:07:00Z,released,Male,citizen,5505 S ELLIS,African American,Suspicious Person,No
2016-06-24T15:07:00Z,released,Male,citizen,5505 S ELLIS,African American,Suspicious Person,No
2016-06-30T17:04:00Z,released,Male,UCPD,5700 S MARYLAND,African American,Panhandling,No
2016-07-01T09:24:00Z,released,Male,citizen,5700 S Greenwood,African American,Disturbance - AB officer advised that individual was harassing passersby,No
2016-07-02T03:11:00Z,released,Male,UCPD,901 E 58th,African American,Resembled physical description of robbery offender,No
2016-07-06T20:13:00Z,released,Male,UCPD,5900 S Stony Island,African American,Resembled description of offender,No
2016-07-14T14:16:00Z,released,Female,citizen,4900 S Cornell,African American,Suspicious Person,No
2016-07-14T14:16:00Z,released,Female,citizen,4900 S Cornell,African American,Suspicious Person,No
2016-07-14T14:16:00Z,released,Female,citizen,4900 S Cornell,African American,Suspicious Person,No
2016-07-14T14:16:00Z,released,Female,citizen,4900 S Cornell,African American,Suspicious Person,No
2016-07-22T05:14:00Z,released,Male,citizen,5005 Ellis,African American,Suspicious person,Yes
2016-07-23T14:05:00Z,released,Male,citizen,6000 S Cottage Grove,African American,Possible domestic battery,Yes
2016-08-07T07:27:00Z,released,Male,citizen,5730 S Ellis,African American,Suspicious Person,No
2016-08-12T06:45:00Z,released,Male,citizen,5600 S Stony,African American,Suspicious Person,Yes
2016-08-12T15:56:00Z,released,Male,citizen,5640 S University,Caucasian,Suspicious Person,No
2016-08-16T12:12:00Z,released,Male,citizen,900  E 55th,African American,Suspicious Subject,No
2016-08-18T19:55:00Z,released,Male,UCPD,6054 S DREXEL,African American,Suspicious Person,No
2016-08-24T21:09:00Z,released,Male,citizen,5300 S Drexel,African American,Suspicious person,No
2016-08-24T21:09:00Z,released,Male,citizen,5300 S Drexel,African American,Suspicious person,No
2016-09-02T02:28:00Z,released,Male,UCPD,6010 Ingleside,African American,Suspicious person,No
2016-09-06T02:14:00Z,released,Male,UCPD,5900 Kenwood,Caucasian,Suspicious vehicle,No
2016-09-07T23:37:00Z,released,Female,citizen,5476 S Ellis,African American,Suspicious person,No
2016-09-10T09:35:00Z,released,Male,UCPD,5400 S Kenwood,Hispanic,Individual observed pulling on car door handles,No
2016-09-17T10:02:00Z,released,Male,citizen,54th and Harper,African American,Suspicious person,No
2016-09-17T10:24:00Z,released,Male,citizen,5300 S Berkeley,Hispanic,Suspicious person,No
2016-09-27T08:22:00Z,released,Male,UCPD,6016 S Ingleside,African American,Suspicious person,No
2016-10-04T10:55:00Z,released,Male,citizen,1449 E 57th,African American,Disturbance,No
2016-10-08T11:35:00Z,released,Male,citizen,5720 S Ellis,African American,Suspicious person,No
2016-10-09T16:41:00Z,released,Male,citizen,4900 S Kenwood,African American,Suspicious person,No
2016-10-13T02:42:00Z,released,Male,UCPD,1010 E 54th,African American,Suspicious person,Yes
2016-10-13T10:20:00Z,released,Male,citizen,5540 S Ellis,African American,Suspicious person,No
2016-10-17T14:21:00Z,released,Male,citizen,5436 S Ingleside,African American,Suspicious person,No
2016-10-17T14:21:00Z,released,Male,citizen,5436 S Ingleside,African American,Suspicious person,No
2016-10-17T17:22:00Z,released,Male,citizen,800 E Midway,African American,Pandhandling,No
2016-10-18T11:07:00Z,released,Male,citizen,5400 S Cottage Grove,African American,Suspicious person,No
2016-10-18T11:09:00Z,released,Male,citizen,824 E 53rd St,African American,Suspicious person,No
2016-10-31T01:02:00Z,released,Male,UCPD,5600 S Ellis,African American,Suspicious person,No
2016-11-02T23:28:00Z,released,Male,UCPD,1607 E 53rd,African American,Suspicious person,Yes
2016-11-09T17:25:00Z,arrested,Male,citizen,1554 E 55th,African American,Reported theft,Yes
2016-11-17T22:25:00Z,released,Male,citizen,6000 S Ellis,African American,Suspicious person,No
2016-11-17T22:25:00Z,released,Male,citizen,6000 S Ellis,African American,Suspicious person,No
2016-11-19T12:28:00Z,released,Male,citizen,5900 S Cottage,African American,Suspicious person,Yes
2016-11-20T07:00:00Z,released,Male,citizen,6300 S Cottage,African American,Suspicious person,Yes
2016-11-30T11:32:00Z,released,Male,UCPD,6600 S Cottage,African American,Suspicious person,No
2016-12-01T11:34:00Z,released,Male,citizen,5531 S Cottage,African American,Suspicious person,No
2016-12-01T11:34:00Z,released,Male,citizen,5531 S Cottage,African American,Suspicious person,No
2016-12-06T16:35:00Z,released,Male,UCPD,1427 E 60th,African American,Property damage,No
2016-12-06T16:35:00Z,released,Female,UCPD,1427 E 60th,African American,Property damage,No
2016-12-09T16:57:00Z,released,Male,citizen,5531 S Harper,African American,Citizen witnessed physical altercation between two individuals,No
2016-12-09T16:57:00Z,released,Female,citizen,5531 S Harper,African American,Citizen witnessed physical altercation between two individuals,No
2016-12-17T11:48:00Z,released,Male,UCPD,5700 S Lake Park,African American,Individual peddling and obstructing traffic,No
2017-01-18T09:25:00Z,released,Male,citizen,901 E MIDWAY PLAISANCE,African American,Domestic Disturbance,No
2017-01-18T09:25:00Z,released,Female,citizen,901 E MIDWAY PLAISANCE,African American,Domestic Disturbance,No
2017-01-22T00:36:00Z,released,Male,citizen,5300 S Ingleside,African American,Suspicious person,No
2017-02-07T10:34:00Z,released,Male,citizen,5739 S WOODLAWN,African American,Suspicious Person,No
2017-02-11T12:30:00Z,released,Male,UCPD,4800 S KIMBARK,African American,Officer observed subject take package from a residence,No
2017-02-12T21:19:00Z,released,Male,citizen,1420 E 49th,African American,Suspicious person,Yes
2017-02-12T21:19:00Z,released,Male,citizen,1420 E 49th,African American,Suspicious person,Yes
2017-02-12T21:19:00Z,released,Female,citizen,1420 E 49th,African American,Suspicious person,No
2017-02-12T21:19:00Z,released,Female,citizen,1420 E 49th,African American,Suspicious person,No
2017-02-14T20:53:00Z,released,Male,citizen,6100 S University,African American,Suspicious person,No
2017-02-22T17:12:00Z,released,Male,citizen,4938 S Drexel,African American,Suspicious person,No
2017-02-22T19:56:00Z,released,Male,citizen,5500 S Drexel,African American,Suspicious person,No
2017-03-05T11:07:00Z,released,Male,citizen,6100 S Evans,African American,Suspicious person,No
2017-03-10T15:29:00Z,Name Checked/Other,Female,citizen,1333 E 57th,Caucasian,Suspicious person,Yes
2017-03-10T21:51:00Z,released,Male,citizen,5700 Maryland,African American,Suspicious person,Yes
2017-03-22T16:59:00Z,released,Male,citizen,5800 S Maryland,African American,Suspicious person,No
2017-03-25T13:13:00Z,released,Male,UCPD,6300 S Woodlawn,African American,Suspicious person,No
2017-03-27T13:49:00Z,released,Male,citizen,5640 S Ellis,African American,Suspicious person,No
2017-03-29T16:37:00Z,released,Male,citizen,4500 S Drexel,African American,Suspicious person,Yes
2017-03-29T23:12:00Z,released,Male,citizen,5900 Maryland,African American,Suspicious person,Yes
2017-04-26T22:57:00Z,released,Male,UCPD,5700 University,African American,Suspicious person,No
2017-04-28T11:16:00Z,released,Male,citizen,5234 Blackstone,African American,Suspicious person,Yes
2017-04-28T11:16:00Z,released,Male,citizen,5234 Blackstone,African American,Suspicious person,Yes
2017-04-28T11:16:00Z,released,Male,citizen,5234 Blackstone,African American,Suspicious person,Yes
2017-05-02T13:36:00Z,released,Male,citizen,5336 S Drexel,African American,Domestic disturbance,Yes
2017-05-21T08:27:00Z,released,Male,UCPD,5700 S Lake Shore,African American,Peddling on roadway,No
2017-05-27T11:44:00Z,released,Male,citizen,700 E Russell Dr.,African American,Subject matched description of suspicious person reported by UCMC staff,No
2017-06-08T15:05:00Z,released,Male,UCPD,4700 S Lake Park,African American,Subject obstructing traffic on a roadway,No
2017-06-13T02:11:00Z,released,Male,UCPD,5100 S Harper,Caucasian,Well being check,Yes
2017-06-29T17:44:00Z,released,Male,citizen,1154 E 54th,African American,Suspicious person,No
2017-06-29T18:26:00Z,released,Male,citizen,1226 E 53rd,African American,Witness observed juveniles throwing objects at a car,No
2017-06-29T18:26:00Z,released,Male,citizen,1226 E 53rd,African American,Witness observed juveniles throwing objects at a car,No
2017-06-29T18:26:00Z,released,Male,citizen,1226 E 53rd,African American,Witness observed juveniles throwing objects at a car,No
2017-06-29T18:26:00Z,released,Male,citizen,1226 E 53rd,African American,Witness observed juveniles throwing objects at a car,No
2017-07-01T11:02:00Z,released,Male,citizen,5721 S Maryland,African American,Domestic disturbance,No
2017-07-02T03:14:00Z,released,Male,UCPD,5300 S Kimbark,African American,Suspicious person,No
2017-07-02T03:14:00Z,released,Male,UCPD,5300 S Kimbark,African American,Suspicious person,No
2017-07-04T19:03:00Z,released,Male,citizen,5200 S Harper,African American,Subject in possession of fireworks in high pedestrian area,No
2017-07-04T19:03:00Z,released,Male,citizen,5200 S Harper,African American,Subject in possession of fireworks in high pedestrian area,No
2017-07-04T19:03:00Z,released,Male,citizen,5200 S Harper,African American,Subject in possession of fireworks in high pedestrian area,No
2017-07-04T19:21:00Z,released,Male,UCPD,5310 S Harper,African American,Subject in possession of fireworks in high pedestrian area,Yes
2017-07-04T21:15:00Z,released,Male,UCPD,5300 S Harper,African American,Subject in possession of fireworks in high pedestrian area,No
2017-07-21T01:41:00Z,released,Male,citizen,5730 S Drexel,African American,Disorderly conduct,No
2017-07-25T10:37:00Z,released,Male,citizen,1320 E 58th,African American,Suspicious person,No
2017-07-31T12:55:00Z,released,Male,citizen,970 E 58th,African American,Suspicious person,No
2017-08-04T21:30:00Z,released,Male,citizen,5444 S Woodlawn,African American,Suspicious person,No
2017-08-14T08:13:00Z,released,Male,UCPD,5338 Drexel,African American,Suspicious person in alley,No
2017-08-18T15:54:00Z,released,Male,citizen,6100 Kenwood,African American,Suspicious person,No
2017-08-28T12:41:00Z,released,Male,citizen,5900 S. UNIVERSITY,African American,Subject was observed pulling on vehicle door handles,No
2017-09-03T15:00:00Z,released,Male,citizen,5445 S. Ingleside,African American,Subject was observed pulling on vehicle door handles,No
2017-09-15T13:37:00Z,referred,Male,citizen,6000 Cottage Grove,African American,Suspicious person,Yes
2017-09-15T13:37:00Z,referred,Male,citizen,6000 Cottage Grove,African American,Suspicious person,No
2017-09-30T18:38:00Z,released,Male,citizen,1400 E 53rd,African American,Suspicious person,No
2017-09-30T18:38:00Z,released,Male,citizen,1400 E 53rd,African American,Suspicious person,No
2017-10-01T18:18:00Z,released,Male,UCPD,1203 E 50th,African American,"Subject going door to door, trespassing on private property",No
2017-10-05T09:28:00Z,released,Male,UCPD,5478 Greenwood,African American,Suspicious person,No
2017-10-07T19:28:00Z,released,Male,citizen,1346 E. 53rd,African American,Suspicious Person,No
2017-10-05T09:28:00Z,released,Male,UCPD,5478 Greenwood,African American,Suspicious person,No
2017-10-12T09:26:00Z,released,Male,citizen,1554 E 55th,African American,Suspicious person,Yes
2017-10-12T21:44:00Z,released,Male,citizen,1101 E 58th,African American,Suspicious person,No
2017-10-17T12:59:00Z,released,Male,citizen,5811 S Ellis,African American,Suspicious person,No
2017-10-27T22:23:00Z,released,Male,citizen,6100 S Cottage Grove,African American,Suspicious person,No
2017-10-27T22:23:00Z,released,Male,citizen,6100 S Cottage Grove,African American,Suspicious person,No
2017-10-27T22:23:00Z,released,Male,citizen,6100 S Cottage Grove,African American,Suspicious person,No
2017-10-28T10:57:00Z,released,Male,UCPD,5800 Ellis,African American,Suspicious person,No
2017-10-31T11:00:00Z,released,Male,citizen,6300 S Blackstone,African American,Fit description of offender,No
2017-10-31T11:00:00Z,released,Male,citizen,6300 S Blackstone,African American,Fit description of offender,No
2017-11-01T21:03:00Z,released,Male,citizen,1330 E 53rd,African American,Suspicious person,No
2017-11-02T02:18:00Z,released,Male,citizen,5335 S Lake Park,African American,Suspicious person,No
2017-11-04T08:02:00Z,released,Male,UCPD,1050 E 59th Street,Caucasian,Suspicious person claiming to be student,No
2017-11-06T17:00:00Z,released,Male,UCPD,5900 S Ellis,African American,Suspicious person,No
2017-11-06T17:00:00Z,released,Male,UCPD,5900 S Ellis,African American,Suspicious person,No
2017-11-06T17:00:00Z,released,Male,UCPD,5900 S Ellis,African American,Suspicious person,No
2017-11-06T17:00:00Z,released,Male,UCPD,5900 S Ellis,African American,Suspicious person,No
2017-11-11T18:32:00Z,released,Male,citizen,5712 S Kenwood,African American,Suspicious person,Yes
2017-11-15T17:23:00Z,released,Male,UCPD,5431 S Blackstone,African American,Subject going up to numerous doors in area of recent package thefts,No
2017-11-15T23:26:00Z,released,Male,UCPD,5400 S Ellis,African American,Engaged in verbal argument with friend,No
2017-11-15T23:26:00Z,released,Female,UCPD,5400 S Ellis,African American,Engaged in verbal argument with friend,No
2017-11-20T11:45:00Z,released,Female,citizen,1318 E 63rd,African American,Suspiciousp erson,No
2017-11-20T13:10:00Z,released,Male,citizen,5206 S Harper,African American,Domestic disturbance,No
2017-11-20T13:10:00Z,released,Male,citizen,5206 S Harper,African American,Domestic disturbance,No
2017-11-29T12:48:00Z,released,Male,UCPD,5500 S Ellis,African American,Suspicious person,No
2017-11-29T17:46:00Z,released,Male,UCPD,1226 E 53rd,African American,Suspicious person,Yes
2017-12-01T01:21:00Z,released,Male,UCPD,5700 S Dorchester,African American,Suspicious person,No
2017-12-01T09:20:00Z,released,Male,UCPD,5900 S Harper,African American,Minor observed walking in the area during school hours,No
2017-12-01T09:20:00Z,released,Male,UCPD,5900 S Harper,African American,Minor observed walking in the area during school hours,No
2017-12-01T09:20:00Z,released,Male,UCPD,5900 S Harper,African American,Minor observed walking in the area during school hours,No
2017-12-01T09:20:00Z,released,Male,UCPD,5900 S Harper,African American,Minor observed walking in the area during school hours,No
2017-12-01T15:47:00Z,released,Male,citizen,1456 E 55th,African American,Suspicious person,No
2017-12-01T17:42:00Z,released,Male,UCPD,6400 S Kimbark,African American,Suspicious person,No
2017-12-02T12:33:00Z,released,Male,UCPD,5000 S Ellis,African American,Suspicious person,Yes
2017-12-02T12:49:00Z,referred,Male,UCPD,1121 E 50th,African American,Suspicious person,Yes
2017-12-02T06:33:00Z,released,Male,citizen,6044 S Champlain,African American,Suspicious person,No
2017-12-07T15:01:00Z,released,Male,UCPD,5736 S Kimbark,African American,Suspicious person,No
2017-12-13T22:16:00Z,released,Male,UCPD,5200 S Blackstone,African American,Suspicious Subject,No
2017-12-14T21:10:00Z,released,Male,UCPD,5530 S Ellis,African American,Suspicious person,No
2017-12-18T21:55:00Z,released,Male,UCPD,4900 East End,African American,Suspicious vehicle,No
2017-12-20T14:56:00Z,released,Female,UCPD,1355 E 50th Street,African American,Subject fit description of a theft offender/in proximity,Yes
2017-12-20T14:56:00Z,released,Male,UCPD,1355 E 50th Street,African American,Subject fit description of a theft offender/in proximity,Yes
2017-12-28T21:37:00Z,Name Checked/Other,Male,UCPD,1118 E. 58th Street,Caucasian,Subject appeared confused and disorientated inside of a empty lecture hall.,No
2017-12-31T11:03:00Z,released,Male,citizen,5300 S Drexel,African American,Suspicious person,Yes
2018-01-05T10:08:00Z,released,Male,UCPD,1300 Hyde Park,Hispanic,Suspicious vehicle,No
2018-01-05T11:40:00Z,released,Male,UCPD,5640 S University,African American,Suspicious person,No
2018-01-05T11:40:00Z,released,Male,UCPD,5640 S University,African American,Suspicious person,No
2018-01-05T11:40:00Z,released,Male,UCPD,5640 S University,African American,Suspicious person,No
2018-01-05T23:58:00Z,released,Male,UCPD,5550 S University,Caucasian,Suspicious vehicle,No
2018-01-12T10:04:00Z,released,Male,citizen,5730 S Drexel,African American,Domestic disturbance,No
2018-01-13T16:26:00Z,released,Male,UCPD,6300 S Dorchester,African American,Suspicious person,No
2018-01-14T07:00:00Z,released,Male,UCPD,5400 S Kimbark,African American,Suspicious vehicle,No
2018-01-14T07:00:00Z,released,Male,UCPD,5400 S Kimbark,African American,Suspicious vehicle,No
2018-01-14T07:00:00Z,released,Male,UCPD,5400 S Kimbark,African American,"Suspicious subject on bike, possible lookout",No
2018-01-18T11:53:00Z,Name Checked/Other,Male,UCPD,5700 S Kimbark,African American,Suspicious person,No
2018-01-18T11:53:00Z,Name Checked/Other,Male,UCPD,5700 S Kimbark,African American,Suspicious person,No
2018-01-18T11:53:00Z,Name Checked/Other,Male,UCPD,5700 S Kimbark,African American,Suspicious person,No
2018-01-22T23:47:00Z,released,Male,citizen,5900 S Blackstone,African American,Suspicious person,No
2018-01-26T22:53:00Z,released,Male,UCPD,5900 S Dorchester,African American,Officer observed suspicious subject following another individual,No
2018-01-26T22:53:00Z,released,Male,UCPD,5900 S Dorchester,African American,Officer observed suspicious subject following another individual,No
2018-01-27T23:56:00Z,released,Male,UCPD,1226 E 53rd,African American,Suspicious person,No
2018-01-27T23:56:00Z,released,Male,UCPD,1226 E 53rd,African American,Suspicious person,No
2018-02-01T16:34:00Z,released,Male,citizen,1204 E 53rd,Caucasian,Suspicious person,No
2018-02-03T12:06:00Z,released,Male,UCPD,1453 E 55th,African American,Pedestrian walking on highway,No
2018-02-05T10:56:00Z,released,Male,citizen,6100 S Ellis,African American,Suspicious person,Yes
2018-02-05T10:56:00Z,released,Male,citizen,6100 S Ellis,African American,Suspicious person,Yes
2018-02-06T13:57:00Z,released,Female,UCPD,6400 S Cottage Grove,African American,Suspicious person,No
2018-02-06T21:54:00Z,released,Male,UCPD,5811 S Ellis,African American,Suspicious person,No
2018-02-11T09:45:00Z,released,Male,UCPD,5700 S Lake Shore,African American,Individual obstructing traffic,No
2018-02-15T12:15:00Z,released,Male,UCPD,6400 S Woodlawn,African American,Suspicious person,No
2018-02-18T12:01:00Z,released,Female,UCPD,5125 S. Drexel,African American,Suspicious vehicle,No
2018-02-23T12:41:00Z,arrested,Male,citizen,1406 E 53rd,Hispanic,Criminal damage to property,No
2018-02-24T03:03:00Z,released,Male,UCPD,5900 S Dorchester,African American,Suspicious person,No
2018-02-24T03:03:00Z,released,Male,UCPD,5900 S Dorchester,African American,Suspicious person,No
2018-03-02T01:18:00Z,released,Female,UCPD,5500 S Blackstone,African American,Suspicious vehicle,No
2018-03-05T13:39:00Z,released,Female,citizen,5500 S. Lake Park,African American,Panhandling,No
2018-03-06T09:10:00Z,released,Male,citizen,5743 S Dorchester,African American,Suspicious person,No
2018-03-06T11:32:00Z,released,Female,UCPD,5100 S Ellis,African American,Suspicious person,No
2018-03-06T11:32:00Z,released,Male,UCPD,5100 S Ellis,African American,Suspicious person,No
2018-03-09T15:45:00Z,released,Male,UCPD,5300 S. Woodlawn,Caucasian,Subject matched description of a offender wanted for Criminal Trespass,No
2018-03-10T02:04:00Z,released,Male,UCPD,6031 S. Ellis,African American,Suspicious Subject,No
2018-03-10T13:50:00Z,released,Male,UCPD,6750 S. Stony Island,African American,Suspicious Vehicle,No
2018-03-11T01:14:00Z,released,Male,UCPD,5500 S. Everett,African American,Suspicious Subject,No
2018-03-12T14:44:00Z,released,Male,citizen,5200 S. Harper,African American,Subject fit the description of a theft offender,No
2018-03-12T14:44:00Z,released,Male,citizen,5200 S. Harper,African American,Subject fit the description of a theft offender,No
2018-03-13T08:31:00Z,released,Male,citizen,6136 S Ingleside,African American,Suspicious vehicle,Yes
2018-03-13T08:31:00Z,released,Female,citizen,6136 S Ingleside,African American,Suspicious vehicle,No
2018-03-14T12:27:00Z,released,Male,UCPD,5500 S Cottage Grove,African American,Suspicious vehicle,No
2018-03-14T12:27:00Z,released,Male,UCPD,5500 S Cottage Grove,African American,Suspicious vehicle,No
2018-03-14T20:52:00Z,released,Male,citizen,5100 block of Ingleside,African American,Suspicious person,Yes
2018-03-19T15:11:00Z,released,Male,citizen,1035 E 45th,African American,Suspicious person,Yes
2018-03-20T15:33:00Z,released,Male,UCPD,1200 E Midway Plaisance,African American,Suspicious person,No
2018-03-20T15:33:00Z,released,Male,UCPD,1200 E Midway Plaisance,African American,Suspicious person,No
2018-03-23T23:11:00Z,released,Male,UCPD,5200 S Ingleside,African American,Suspicious person,No
2018-03-23T23:11:00Z,released,Male,UCPD,5200 S Ingleside,African American,Suspicious person,No
2018-03-23T23:11:00Z,released,Male,UCPD,5200 S Ingleside,African American,Suspicious person,No
2018-03-23T23:11:00Z,released,Male,UCPD,5200 S Ingleside,African American,Suspicious person,No
2018-03-24T11:08:00Z,arrested,Male,citizen,5300 S Dorchester,African American,Offender engaged in fight,No
2018-03-24T17:06:00Z,released,Male,UCPD,5459 S Cornell,African American,Urinating on public way,No
2018-03-25T03:50:00Z,released,Male,UCPD,1362 E 59th,African American,Suspicious person,No
2018-03-29T18:34:00Z,released,Male,citizen,5300 S. Kimbark,African American,Subject was observed entering a backyard,No
2018-04-03T12:33:00Z,released,Male,citizen,1115 E 58th,African American,Suspicious person,No
2018-04-04T22:20:00Z,released,Male,UCPD,5446 Greenwood,African American,Suspicious vehicle,No
2018-04-06T12:55:00Z,released,Male,citizen,5137 S Drexel,African American,Suspicious person,No
2018-04-06T16:12:00Z,released,Male,citizen,1055 E 55th,African American,Individual causing a disturbance,No
2018-04-13T18:04:00Z,released,Male,UCPD,5440 Ingleside,African American,Suspicious person,No
2018-04-13T18:04:00Z,released,Male,UCPD,5440 Ingleside,African American,Suspicious person,No
2018-04-16T00:35:00Z,released,Female,UCPD,1012 E 54th,African American,Suspicious vehicle,No
2018-04-16T00:35:00Z,released,Female,UCPD,1012 E 54th,African American,Suspicious vehicle,No
2018-04-16T16:18:00Z,released,Male,citizen,6200 S Cottage,African American,Suspicious person,No
2018-04-26T18:48:00Z,released,Male,citizen,5627 S. Kenwood,African American,Subject observed going door to door panhandling,No
2018-05-01T05:57:00Z,released,Male,UCPD,5736 S Stony Island,African American,Suspicious person,Yes
2018-05-04T13:46:00Z,released,Male,citizen,4700 S Lake Park,African American,Individual causing disturbance,No
2018-05-06T13:02:00Z,released,Male,UCPD,6200 S Evans,African American,Possible stolen bicycle (matched description of stolen bicycle),No
2018-05-07T10:28:00Z,released,Male,UCPD,1541 E 51st,African American,Truancy,No
2018-05-07T10:28:00Z,released,Male,UCPD,1541 E 51st,African American,Truancy,No
2018-05-13T21:00:00Z,released,Male,UCPD,5400 Kimbark,African American,Suspicious person,No
2018-05-13T22:45:00Z,released,Male,UCPD,5500 Payne,African American,Suspicious person,No
2018-05-14T12:02:00Z,released,Male,UCPD,6300 S Evans,African American,Truancy,Yes
2018-05-14T12:02:00Z,released,Male,UCPD,6300 S Evans,African American,Truancy,No
2018-05-14T12:02:00Z,released,Male,UCPD,6300 S Evans,African American,Truancy,No
2018-05-15T10:55:00Z,released,Male,citizen,1415 E 57th,African American,Suspicious person,No
2018-05-15T22:11:00Z,released,Male,citizen,5300 S Kimbark,African American,Suspicious person,No
2018-05-17T00:42:00Z,released,Male,UCPD,5200 S Drexel,African American,Suspicious person,Yes
2018-05-18T19:00:00Z,released,Male,citizen,5455 S Cornell,Caucasian,Suspicious person,No
2018-05-19T10:54:00Z,released,Male,citizen,1526 E 55th,African American,Disturbance,Yes
2018-05-19T23:51:00Z,Name Checked/Other,Male,UCPD,1150 E 52nd,African American,Curfew violation,No
2018-05-19T23:51:00Z,Name Checked/Other,Male,UCPD,1150 E 52nd,African American,Curfew violation,No
2018-05-20T23:43:00Z,released,Male,citizen,5554 S Woodlawn,African American,Suspicious person,No
2018-06-02T03:14:00Z,released,Male,UCPD,5700 S. Harper,African American,Suspicious Person,Yes
2018-06-03T12:43:00Z,released,Male,UCPD,6200 S. Drexel,African American,Suspicious Person,No
2018-06-03T12:43:00Z,released,Male,UCPD,6200 S. Drexel,African American,Suspicious Person,No
2018-06-07T15:42:00Z,released,Male,UCPD,834 E. 50th Street,African American,Subject fit the description of a call reporting person with gun,Yes
2018-06-13T00:00:00Z,released,Male,UCPD,5700 S Kimbark,African American,Curfew violation,No
2018-06-13T00:00:00Z,released,Male,UCPD,5700 S Kimbark,African American,Curfew violation,No
2018-06-14T15:45:00Z,released,Male,citizen,5105 S. Blackstone,African American,Suspicious Person,No
2018-06-14T15:45:00Z,released,Male,citizen,5105 S. Blackstone,African American,Suspicious Person,No
2018-06-15T01:13:00Z,released,Male,UCPD,5840 S. Kenwood,African American,Suspicious Person,No
2018-06-15T01:13:00Z,released,Male,UCPD,5840 S. Kenwood,African American,Suspicious Subject in the playlot of Kenwood High School on cellphone,No
2018-06-15T00:16:00Z,released,Male,UCPD,6200 S. Kimbark,African American,Spoke to subject about improper operation of off-highway motorcycle,No
2018-06-17T15:42:00Z,released,Male,UCPD,1316 E. 53rd Street,African American,matched description of offender from retail theft,No
2018-06-18T21:43:00Z,released,Male,UCPD,1601 E. 55th St.,African American,Suspicious person,No
2018-06-18T23:55:00Z,released,Male,UCPD,1645 E. 50th St,African American,Suspicious person,No
2018-06-18T23:55:00Z,released,Male,UCPD,1645 E. 50th St,African American,Suspicious person,No
2018-06-18T23:55:00Z,released,Male,UCPD,1645 E. 50th St,African American,Suspicious person,No
2018-06-19T19:11:00Z,released,Male,UCPD,5319 S. Hyde Park Blvd,African American,Suspicious person,No
2018-06-19T19:11:00Z,released,Male,UCPD,5319 S. Hyde Park Blvd,African American,Suspicious person,No
2018-06-19T19:11:00Z,released,Male,UCPD,5319 S. Hyde Park Blvd,African American,Suspicious person,No
2018-06-19T22:59:00Z,released,Male,UCPD,5200 S. Dorchester,African American,Suspicious person,No
2018-06-20T23:33:00Z,released,Male,UCPD,4600 S Greenwood,African American,Shots fired,No
2018-06-21T11:02:00Z,released,Male,UCPD,1030 E 47th,African American,Suspicious person,No
2018-06-23T03:10:00Z,released,Male,UCPD,5600 S. Lake park,African American,"Suspicious subject on divvy bike,observed in hot spot area, canvassing area",No
2018-06-23T03:10:00Z,released,Male,UCPD,5600 S. Lake park,African American,"Suspicious subject on divvy bike,observed in hot spot area, canvassing area",No
2018-06-23T03:10:00Z,released,Male,UCPD,5600 S. Lake park,African American,"Suspicious subject on divvy bike,observed in hot spot area, canvassing area",No
2018-06-23T16:59:00Z,released,Male,citizen,5100 S. Lake Park,African American,Domestic Disturbance,No
2018-06-23T22:28:00Z,released,Male,UCPD,965 E. 61st Street,African American,Subject was with offender whom matched description of robbery offender,No
2018-06-23T22:28:00Z,released,Male,UCPD,965 E. 61st Street,African American,Subject was with offender whom matched description of robbery offender,No
2018-06-24T19:41:00Z,released,Male,UCPD,5530 S. Ellis,African American,Suspicious Person,No
2018-06-24T19:41:00Z,released,Male,UCPD,5530 S. Ellis,African American,Suspicious Person,No
2018-06-24T19:41:00Z,released,Male,UCPD,5530 S. Ellis,African American,Suspicious Person,No
2018-06-25T23:17:00Z,released,Male,citizen,5300 S. Harper,African American,Suspicious person,No
2018-06-25T23:20:00Z,released,Male,citizen,5500 S. Lake Park,African American,Suspicious person,No
2018-06-25T23:21:00Z,released,Male,citizen,5500 S. Lake Park,African American,Suspicious person,No
2018-06-27T12:23:00Z,released,Male,citizen,5300 S Dorchester,African American,Suspicious subject identified by loss prevention,Yes
2018-06-27T15:49:00Z,Name Checked/Other,Male,UCPD,5900 S Ellis,African American,Subject possibly in need of medical attention,No
2018-06-27T21:38:00Z,released,Male,UCPD,5300 S Ellis,African American,Suspicious person,Yes
2018-07-03T22:27:00Z,released,Male,UCPD,5600 S Ellis,African American,Suspicious subject observed loitering near bike racks,No
2018-07-07T08:23:00Z,released,Male,UCPD,915 E 60th,African American,Subject near bike rack where recent thefts have occurred,No
2018-07-08T01:22:00Z,released,Male,UCPD,5900 S Dorchester,African American,Subject observed loitering near bike racks,No
2018-07-08T12:17:00Z,released,Male,citizen,1228 E 53rd,African American,Suspected of retail theft by CVS employee,No
2018-07-11T11:00:00Z,released,Male,citizen,970 E 58th,African American,Suspicious person,No
2018-07-13T19:09:00Z,released,Male,UCPD,5737 S University,African American,Suspicious person,No
2018-07-15T01:21:00Z,Name Checked/Other,NA,citizen,5600 S Lake Park,other,Lane Violation,NA
2018-07-15T01:56:00Z,Name Checked/Other,NA,citizen,6330 S University,other,Follow too close,NA
2018-07-16T13:15:00Z,released,Male,UCPD,5744 Dorchester,African American,Suspicious person,No
2018-07-18T22:16:00Z,released,Male,citizen,5900 S Woodlawn,African American,Suspicious Person,No
2018-07-20T15:05:00Z,released,Male,UCPD,5100 S. Blackstone,African American,Suspicious Subject,No
2018-07-23T16:00:00Z,released,Male,UCPD,5225 S. Drexel Ave,African American,Suspicious person,No
2018-07-23T16:00:00Z,released,Male,UCPD,5225 S. Drexel Ave,African American,Suspicious person,No
2018-07-23T21:23:00Z,released,Male,citizen,1215 E/B Midway Plaisance,African American,Disturbance,No
2018-07-23T21:23:00Z,released,Male,citizen,1215 E/B Midway Plaisance,African American,Disturbance,No
2018-07-24T14:37:00Z,released,Male,UCPD,5900 S. Ellis,African American,Suspicious person,Yes
2018-07-26T13:48:00Z,released,Male,citizen,5130 S. Lake Park Ave,African American,Panhandling,No
2018-07-26T15:23:00Z,released,Female,UCPD,5700 S. Woodlawn  Ave,African American,Panhandling,No
2018-07-26T23:05:00Z,released,Male,UCPD,6100 S. Woodlawn,African American,Suspicious person,No
NA,released,Male,UCPD,Midway Plaisance/Ellis,African American,Suspicious person,Yes
2018-07-27T15:55:00Z,released,Male,UCPD,5800 S. Blackstone,African American,Suspicious person,No
2018-07-27T15:55:00Z,released,Male,UCPD,5800 S. Blackstone,African American,Suspicious person,No
2018-07-28T16:00:00Z,released,Male,UCPD,850 E. 61st Street,African American,Suspicious person on bike,No
2018-07-28T16:00:00Z,released,Male,UCPD,850 E. 61st Street,African American,Suspicious person on bike,No
2018-07-28T20:55:00Z,released,Male,citizen,915 E. 60th Street,African American,Disturbance,No
2018-07-28T20:55:00Z,released,Male,UCPD,4800 S. Drexel,African American,Suspicious person on bike,No
2018-07-28T20:55:00Z,released,Male,UCPD,4800 S. Drexel,African American,Suspicious person on bike,No
2018-07-28T21:17:00Z,released,Male,UCPD,4600 S. Woodlawn,African American,Suspicious person on bike,No
2018-07-28T21:17:00Z,released,Male,UCPD,4600 S. Woodlawn,African American,Suspicious person on bike,No
2018-07-29T12:45:00Z,released,Male,UCPD,6231 S. Woodlawn,African American,Suspicious person on bike,No
2018-07-29T12:45:00Z,released,Male,UCPD,6231 S. Woodlawn,African American,Suspicious person on bike,No
2018-07-29T14:17:00Z,released,Male,UCPD,5700 S. Kimbark,African American,Suspicious person on bike,No
2018-07-29T15:24:00Z,released,Male,UCPD,6000 S. Champlain,African American,Suspicious person,No
2018-07-30T02:50:00Z,released,Male,UCPD,5600 S. Hyde Park Blvd.,African American,Suspicious person,No
NA,released,Male,UCPD,5850 S Woodlawn,African American,Public urination,No
2018-07-31T23:51:00Z,released,Male,UCPD,5900 S Stony Island,African American,"Suspicious subject observed loitering on the street corner, casing the area near hot spot target area",No
2018-08-01T12:17:00Z,released,Male,UCPD,5200 S Harper,African American,"Assist CPD with stopping juvenile on stolen/lost Divvy bike, matched description by CPD officer",No
2018-08-01T19:46:00Z,released,Male,citizen,5500  S Shore,African American,Waved down by citizen reporting that individual was tampering with Divvy bike,No
2018-08-02T14:27:00Z,released,Male,UCPD,5500 S Ellis,Caucasian,"Subject observed loitering within a residence, in area of previous thefts",No
2018-08-03T19:49:00Z,released,Male,citizen,6300 Kenwood,African American,Complainant stated that suspect attempted to ram her with his car,No
2018-08-05T07:34:00Z,released,Female,UCPD,6110 S Woodlawn,African American,Matched description of suspicious subject observed looking into vehicles in hot spot area,No
2018-08-07T13:36:00Z,released,Male,citizen,1155 E 60th,African American,Passerby believed that the subject was trying to steal bicycles from listed location.,No
2018-08-07T22:29:00Z,released,Male,citizen,1223 E 57th,African American,Suspicious Auto,No
2018-08-08T08:53:00Z,released,Male,UCPD,5640 S University,African American,"Suspicious subject observed loitering near bartlett commons, with his head leaning against the window",No
2018-08-13T11:15:00Z,released,Male,UCPD,5700 S Drexel,African American,Suspicious subject observed walking with two bicycles near hot theft spot area,No
2018-08-17T20:30:00Z,released,Male,UCPD,5300 Dorchester,African American,Matched description of robbery offenders/riding bikes on sidwalk without illuminated headlamp.,No
2018-08-17T20:30:00Z,released,Male,UCPD,5300 Dorchester,African American,"Matched description of robbery
offenders/riding bikes on sidwalk without illuminated headlamp.",No
2018-08-21T02:08:00Z,referred,Male,citizen,5100 S Blackstone,African American,Observed tampering with Divvy bikes,No
2018-08-21T02:08:00Z,referred,Male,citizen,5100 S Blackstone,African American,Observed tampering with Divvy bikes,No
2018-08-21T02:08:00Z,referred,Male,citizen,5100 S Blackstone,African American,Observed tampering with Divvy bikes,No
2018-08-22T08:36:00Z,released,Male,citizen,5200 S Lake Park,African American,Panhandler - trespassing complaint,No
2018-08-26T11:07:00Z,released,Male,citizen,1311 E MADISON PARKWAY,Caucasian,Call of a suspicious person sleeping in a storage room. Subject was located in the location,No
2018-08-26T15:57:00Z,released,Male,UCPD,5241 S. Ingleside,African American,Subject detained by UCPD attempted to flee the area with subject that matched a theft offender,No
2018-08-29T04:40:00Z,Name Checked/Other,Male,citizen,5000 Dorchester,African American,Citizen claimed subject was looking into autos probably steal from same,No
2018-08-29T00:50:00Z,released,Male,UCPD,5700 S Cottage Grove,African American,Observed looking at multiple bikes in area of previous bike thefts,No
2018-08-31T01:51:00Z,released,Male,UCPD,5600 S Lake Park,African American,Subject was kneeling down suspiciously in a dark area behind vehicles on public property. Subject advised he was relieving himself.,No
2018-09-01T15:48:00Z,arrested,Male,UCPD,6333 S. Kimbark,African American,Subject fit the description of a theft offender,Yes
2018-09-02T09:39:00Z,arrested,Male,UCPD,6124 S. Woodlawn,African American,Subject Observed near rear of garage taking items and walking away,Yes
2018-09-02T13:32:00Z,released,Male,UCPD,5800 S. Maryland,African American,"Subject observed looking into vehicles,loitering on campus",No
2018-09-05T18:25:00Z,released,Male,citizen,5500 S.Cornell,African American,"Caller reported a theft (shoplifter). Subject located, caller requested to have product returned",Yes
2018-09-10T21:25:00Z,released,Male,UCPD,5300 S. Drexel,African American,"Vehicle driving at a slow rate of speed in a ""hot spot"" area where robberies have occurred. Subject stated he was looking for a parking spot.",No
2018-09-11T01:45:00Z,released,Male,UCPD,5701 S. Cottage Grove,African American,subject in the area where a high number of bicycle thefts have occurred.,No
2018-09-11T09:25:00Z,released,Male,UCPD,1025 E. 58th Street,African American,Subject was observed panhandling,No
2018-09-11T11:10:00Z,released,Male,UCPD,5201 S. Harper,African American,Subject was observed loitering on private property,No
2018-09-14T10:36:00Z,released,Male,UCPD,5811 S. Ellis,African American,A subject known not to be affiliated with the University was observed in the area of recent thefts/burglaries and was observed entering the building.,No
2018-09-14T21:00:00Z,released,Male,citizen,1330 E. 50th Street,African American,Citizen contacted UCPD and related that two subjects were tampering with DIVVY bikes,Yes
2018-09-14T21:00:00Z,released,Male,citizen,1330 E. 50th Street,African American,Citizen contacted UCPD and related that two subjects were tampering with DIVVY bikes,Yes
2018-09-17T00:27:00Z,released,Male,citizen,1101 E. 56th Street,African American,Subject inside University building stating he was looking for work.,No
2018-09-19T05:27:00Z,released,Male,UCPD,5837 S. Kimbark,African American,"Subject observed attempting to conceal himself from
view of police while near an unsecured vehicle",No
2018-09-19T05:27:00Z,released,Male,UCPD,5837 S. Kimbark,African American,"Subject observed attempting to conceal himself from
view of police while near an unsecured vehicle",No
2018-09-20T02:06:00Z,released,Male,UCPD,5600 S. Cottage Grove,African American,Subject was riding a DIVVY which was believed to be stolen . Bike returned to DIVVY rack.,Yes
2018-09-23T16:17:00Z,released,Male,citizen,1011 E. 61st Street,African American,Subject ringing doorbells and was on scene matching the description.,No
2018-09-23T19:38:00Z,released,Male,UCPD,6120 S. University,African American,Subject matched the physical & clothing description provided in reference to a report of shots fired.,No
2018-09-25T22:11:00Z,released,Male,citizen,5401 Ellis (rear),African American,Citizen contacted UCPD and related that two subjects were smoking cannabis in the rear of her building,Yes
2018-09-25T22:11:00Z,released,Female,citizen,5401 Ellis (rear),African American,Citizen contacted UCPD and related that two subjects were smoking cannabis in the rear of her building,Yes
2018-09-29T11:40:00Z,released,Male,UCPD,5201 S Harper,African American,Loitering on private property,No
2018-10-01T23:00:00Z,released,Male,UCPD,1109 E 52nd St,African American,Multiple occupants observed sitting for an extended period of time inside a parked vehicle w/no lights & within identified robbery mission area; activity indicative of casing for victims; burnt cannabis also detected.,No
2018-10-01T23:00:00Z,released,Male,UCPD,1109 E 52nd St,African American,Multiple occupants observed sitting for an extended period of time inside a parked vehicle w/no lights & within identified robbery mission area; activity indicative of casing for victims; burnt cannabis also detected.,No
2018-10-01T23:00:00Z,released,Male,UCPD,1109 E 52nd St,African American,Multiple occupants observed sitting for an extended period of time inside a parked vehicle w/no lights & within identified robbery mission area; activity indicative of casing for victims; burnt cannabis also detected.,No
2018-10-02T16:20:00Z,released,Female,citizen,5320 Drexel Avenue,African American,"Contact made with subject after she hit e-phone for police assistance. After speaking with subject, officers learned she suffered from mental illness and safely escorted her to her residence where she was released to family members.",No
2018-10-05T13:47:00Z,released,Male,citizen,5700 S Harper,African American,Call for Service: Suspicious subject carrying a rear ten speed tire. Complainant believed tire could be stolen. Subject advised tire belonged to him.,No
2018-10-06T01:31:00Z,released,Male,UCPD,5818 S Harper,African American,"Subject was observed looking into multiple parked vehicles while walking S/B from 57th Street & Harper, an area identified as a theft from vehicle hotspot.",No
2018-10-06T15:55:00Z,released,Male,citizen,915 E 60th,African American,"Responded to area for suspicious person(s) throwing rocks at the building. Upon police arrival, subject was observed throwing rocks. There was no damage or complaints to be signed",No
2018-10-06T15:55:00Z,released,Male,citizen,915 E 60th,African American,"Responded to area for suspicious person(s) throwing rocks at the building. Upon police arrival, subject was observed throwing rocks. There was no damage or complaints to be signed",No
2018-10-06T15:55:00Z,released,Male,citizen,915 E 60th,African American,"Responded to area for suspicious person(s) throwing rocks at the building. Upon police arrival, subject was observed throwing rocks. There was no damage or complaints to be signed",No
2018-10-06T15:55:00Z,released,Male,citizen,915 E 60th,African American,"Responded to area for suspicious person(s) throwing rocks at the building. Upon police arrival, subject was observed throwing rocks. There was no damage or complaints to be signed",No
2018-10-08T23:18:00Z,released,Male,citizen,5507 S Kenwood,African American,Citizen called to inform seeing a M/B who appeared to be casing the area of 54th and Ridgewood Ct.,No
2018-10-12T17:29:00Z,released,Male,UCPD,5242 S Drexel,African American,"Subject observed jumping over secure fence, at apartment complex, in robbery hot spot area",No
2018-10-12T17:29:00Z,released,Male,UCPD,5242 S Drexel,African American,"Subject observed jumping over secure fence, at apartment complex, in robbery hot spot area",No
2018-10-13T17:37:00Z,released,Male,UCPD,5317 Drexel,African American,Subject looking into multiple residents windows,No
2018-10-16T22:40:00Z,released,Female,citizen,1201 E 57th Street,African American,Subject was observed by AUSO panhandling inside of the Bartlett Commons,No
2018-10-20T13:38:00Z,referred,Male,citizen,5437 S. Dorchester,African American,"Subject identified by store manager as an
offender in prior retail theft",No
2018-10-20T13:38:00Z,referred,Male,citizen,5437 S. Dorchester,African American,"Subject identified by store manager as an
offender in prior retail theft",No
2018-10-20T23:30:00Z,released,Male,UCPD,1019 E. 51th Street,African American,Curfew Violator,No
2018-10-20T23:30:00Z,released,Male,UCPD,1019 E. 51th Street,African American,Curfew Violator,No
2018-11-02T19:12:00Z,released,Male,citizen,5205 S Harper,African American,Unaffiliated female subject stated a male juvenile matching the subject's description pointed what was believed to be a handgun in her direction.,No
2018-11-02T19:12:00Z,released,Male,citizen,1451 E 52nd St,African American,Associate of male subject who was believed to be in possession of a handgun,Yes
2018-11-04T22:24:00Z,released,Male,UCPD,1112 E 60th,Caucasian,Subject was observed lighting and smoking from an item in a manner consistent with marijuana use,No
2018-11-04T10:24:00Z,released,Male,UCPD,1112 E 60th,Caucasian,Companion of subject suspected to be smoking marijuana,No
2018-11-04T10:24:00Z,released,Male,UCPD,1112 E 60th,Caucasian,Companion of subject suspected to be smoking marijuana,No
2018-11-04T10:24:00Z,released,Male,UCPD,1112 E 60th,Caucasian,Companion of subject suspected to be smoking marijuana,No
2018-11-19T05:03:00Z,released,Female,citizen,5656 Maryland,African American,Public Safety stated that the subject matched a description of a theft offender from Au bon pain.,No
2018-11-18T13:26:00Z,released,Male,citizen,1467 East Park Place,African American,Subject identified by witness as attempting to steal a bike at 5700 S Blackstone,Yes
2018-11-24T19:10:00Z,released,Male,UCPD,843 Drexel Square,African American,Matched Description of a robbery offender.,Yes
2018-11-24T19:10:00Z,released,Male,UCPD,843 Drexel Square,African American,Matched Description of a robbery offender.,Yes
2018-12-02T10:50:00Z,released,Male,citizen,5541 S Everett Ave,African American,Responded to a call for service of a suspicious person sleeping on the table in an office at said location. Subject was identified by complainant on scene.,No
2018-12-08T13:41:00Z,released,Male,citizen,1346 E 53rd Street,African American,Identified as theft offender by victim,Yes
2018-12-08T13:41:00Z,released,Male,citizen,1346 E 53rd Street,African American,Identified as theft offender by victim,Yes
2018-12-10T11:30:00Z,released,Male,citizen,5730 S Drexel,African American,Subject was intoxicated and causing a disturbance in the lobby of CCD. Officers spoke to subject advising he could come back when sober and escorted him to bus stop.,No
2018-12-16T00:40:00Z,released,Male,citizen,5500 S Hyde Park Blvd,African American,PO waved down by subject who reported being involved in an altercation with a juvenile,No
2018-12-16T00:40:00Z,released,Male,citizen,5500 S Hyde Park Blvd,African American,Juvenile involved in altercation,No
2018-12-18T19:25:00Z,released,Male,UCPD,5400 Woodlawn,African American,Subject matched the description of a previous robbery offender,No
2018-12-18T19:25:00Z,released,Male,UCPD,5400 Woodlawn,African American,Subject matched the description of a previous robbery offender,No
2018-12-23T12:18:00Z,released,Male,UCPD,5835 S. Greenwood,African American,unafillated individual in unoccupied building during winter break,No
2018-12-23T19:39:00Z,released,Male,UCPD,5700 S. Harper,African American,Subject in the area where robberies have occurred.,No
2018-12-24T07:43:00Z,released,Male,UCPD,4740 S Greenwood Ave,African American,"Subject, without cause or justification, opened squad door while officer was inside",Yes
